Company Name,ID Number,Sector,Non Current Assets,Current Assets,Total Assets,Equity,Non Current Liabilities,Current Liabilities,Total Equity & Liabilities,Date
Wordtune,4,technology,266901.28,2597982.56,2864883.84,662664.34,588345.5,737234.5,1988244.3399999999,2012-05-21
Wikizz,10,technology,-530680.58,539211.09,8530.51000000001,1020328.42,899202.31,373660.24,2293190.9699999997,2013-04-03
Centizu,31,technology,-411905.84,2061937.96,1650032.1199999999,1208819.14,971550.03,847932.32,3028301.4899999998,2012-10-02
Yakijo,43,technology,1453749.43,1063001.05,2516750.48,275839.57,676191.88,152648.33,1104679.78,2014-11-12
Zazio,46,technology,512216.43,1822343.94,2334560.37,558117.46,287811.74,418078.71,1264007.91,2013-08-02
Gabtune,59,technology,1077441.95,2379350.29,3456792.24,728878.17,155746.75,398450.75,1283075.67,2013-01-06
Livefish,80,technology,2751821.03,1013538.19,3765359.2199999997,433729.72,1084501.75,731030.91,2249262.38,2014-04-05
Gabtype,90,technology,2041694.32,575599.78,2617294.1,1095041.52,880642,791981.99,2767665.51,2013-09-01
Youspan,95,technology,3114734.01,-276817.19,2837916.82,769168.89,782180.11,93456.73,1644805.73,2012-12-28
Viva,96,technology,2300058.63,2211231.04,4511289.67,251549.74,561820.2,821554.96,1634924.9,2012-05-07
Gevee,100,technology,948374.79,736946.75,1685321.54,199676.8,393390.39,1002404.89,1595472.08,2013-08-20
Zoonoodle,107,technology,1010881.44,2265277.05,3276158.4899999998,197487.29,389029.44,763928.55,1350445.28,2013-03-27
Yamia,116,technology,1624710.75,2480223.33,4104934.08,398811.67,965604.14,816599.11,2181014.92,2012-08-18
Gabtune,123,technology,496672.33,398164.12,894836.45,-25562.47,-213358.2,773367.99,534447.32,2012-08-16
Trupe,138,technology,2564125.52,767949.02,3332074.54,1525641.93,132283.82,717970.5,2375896.25,2013-07-10
Voonyx,143,technology,1164395.11,1406523.71,2570918.8200000003,449773.67,-150603.33,634877.69,934048.0299999999,2013-10-05
Jayo,147,technology,149000.57,1801708.92,1950709.49,690265.04,217240.27,498490.91,1405996.22,2014-05-30
Skaboo,155,technology,1445305.85,1269239.95,2714545.8,220431.26,289639.11,22688.03,532758.4,2012-12-17
Shuffledrive,158,technology,1297505.22,227683.54,1525188.76,901624.39,111624.3,-46852.37,966396.3200000001,2014-02-09
Dablist,169,technology,1090742.79,-244747.06,845995.73,758440.31,397197.01,878894.89,2034532.21,2012-10-08
Linklinks,173,technology,713324.65,-71186.2,642138.4500000001,392489.73,604800.51,180232.37,1177522.6099999999,2014-10-23
Yombu,177,technology,558132.85,836921.18,1395054.03,890520.43,598078.5,1245460.53,2734059.46,2012-07-19
Topicblab,200,technology,1130179.86,224271.49,1354451.35,1249210.5,543089.68,562028.31,2354328.49,2013-03-20
Trudeo,216,technology,-25088.38,-265008.11,-290096.49,333514.95,1510774.11,581543.38,2425832.44,2013-01-03
Youbridge,226,technology,154326.13,1485088,1639414.13,-3191.26,246386.74,-488148.06,-244952.58000000002,2012-04-24
Thoughtbeat,248,technology,1274910.42,1273097.57,2548007.99,1087414.64,474520.14,-297246.01,1264688.7699999998,2013-12-06
Divanoodle,256,technology,731867.09,2191584.18,2923451.27,52993.28,856680.23,54844.51,964518.02,2013-04-06
Jabbersphere,276,technology,379404.51,315191.69,694596.2,931201.53,548308.71,479999.99,1959510.23,2014-01-16
Miboo,278,technology,703545.73,1597793.8,2301339.5300000003,1316146.84,644244.45,36152.9,1996544.19,2014-06-15
Edgeify,284,technology,1053985.5,593863.57,1647849.0699999998,875132.27,925111.52,849995.75,2650239.54,2013-04-10
Centimia,290,technology,1430450.97,2263798.37,3694249.34,432458.58,241446.78,-4615.39,669289.97,2013-06-03
Photolist,300,technology,1149866.37,-237223.9,912642.4700000001,346289.59,835255.96,521884.31,1703429.86,2013-08-22
Plambee,314,technology,-97630.36,133029.21,35398.84999999999,739870.54,1753676.55,1491930.33,3985477.42,2013-10-15
Geba,327,technology,-395951.19,1539654.78,1143703.59,-249035,1114275.82,361553.25,1226794.07,2013-03-18
Devcast,350,technology,713431.13,750062.81,1463493.94,-44614.56,292687.12,878665.86,1126738.42,2013-06-07
Tazz,356,technology,1399162.18,600234.07,1999396.25,-6199.36,397902.91,580745.47,972449.02,2013-08-08
Zava,358,technology,1683588.38,1818610.54,3502198.92,515707.26,447320.09,53068.92,1016096.2700000001,2014-09-06
Wordware,361,technology,2001575.77,41023.34,2042599.11,372795.02,-261208.15,610533.49,722120.36,2013-09-30
Roombo,373,technology,1436780.57,606228.28,2043008.85,-133897.17,206362.67,342401.8,414867.3,2014-02-21
Pixoboo,393,technology,1126075.61,826667.71,1952743.32,50751.81,589229.04,560068.36,1200049.21,2013-10-10
Shufflester,401,technology,571490.41,1418146.59,1989637.0,1477347.84,538349.3,320641.7,2336338.8400000003,2014-03-19
Thoughtworks,402,technology,-710169.65,1231826.11,521656.4600000001,146416.55,705713.28,-375896.7,476233.13000000006,2014-03-04
Wordify,408,technology,-34820.52,-519755.13,-554575.65,2047.44,687876.39,557570.45,1247494.2799999998,2013-03-29
Jazzy,414,technology,3467267.11,-156770.57,3310496.54,540044.47,455791.47,1122408.17,2118244.11,2014-01-19
Thoughtbeat,421,technology,948932.59,1629619.5,2578552.09,302991.35,180086.09,129134.77,612212.21,2014-12-23
Skibox,425,technology,648754.25,1058921.33,1707675.58,391171.87,211048.37,415626.86,1017847.1,2013-05-05
Twitterbridge,436,technology,2120715.73,170676.49,2291392.2199999997,-254321.84,612626.77,1178981.42,1537286.35,2012-06-11
Realcube,438,technology,1389134.85,929005.61,2318140.46,1018038.01,1077781.46,797666.63,2893486.1,2013-11-16
Voolia,441,technology,437927.01,1332436.44,1770363.45,-333369.33,252389.25,434512.7,353532.62,2013-11-26
Brightbean,451,technology,586271.25,847697.83,1433969.08,499329.58,425357.69,270184.59,1194871.86,2012-06-11
Rooxo,469,technology,1365984.28,481042.58,1847026.86,271459.67,669445.67,191346.79,1132252.1300000001,2013-10-23
Oyondu,489,technology,2614022.47,1657891.22,4271913.69,507008.73,1021462.07,1148044.22,2676515.0199999996,2013-04-06
Flipstorm,501,technology,1418158.75,1638311.09,3056469.84,727896.71,394258.11,935436.75,2057591.5699999998,2014-12-06
Oyope,503,technology,676399.29,995499.03,1671898.32,804667.11,451482.11,361330.27,1617479.49,2013-09-05
Abata,513,technology,2569741.72,651215.83,3220957.5500000003,1156171.31,1018636.32,40851.95,2215659.58,2013-08-17
Fiveclub,520,technology,33215.61,1007160.81,1040376.42,266568.16,743305.35,1131399.84,2141273.35,2013-10-21
Blogtag,525,technology,654554.39,1086956.71,1741511.1,614697.15,330370.38,107700.97,1052768.5,2013-01-11
Shufflebeat,526,technology,435686.61,-198270.58,237416.03,268488.59,94610.51,325459.32,688558.42,2014-04-09
Babbleopia,528,technology,1128482.77,550952.52,1679435.29,141076.36,756209.74,197154.34,1094440.44,2013-12-28
Tekfly,531,technology,1597005.43,673061.31,2270066.74,-79305.98,481154.18,144161.35,546009.55,2013-03-06
Mymm,539,technology,509150.16,928605.49,1437755.65,742760.74,55893.55,264619.95,1063274.24,2014-09-14
Roodel,569,technology,1067056.17,1287725.09,2354781.26,854022.97,833661.64,1267437.62,2955122.23,2014-10-04
Tambee,572,technology,2277205.76,2119327.59,4396533.35,-100817.64,959483.32,765305.03,1623970.71,2014-06-28
Twinder,599,technology,-883609.62,97412.71,-786196.91,1073424.53,1467861.26,578617.16,3119902.95,2012-08-26
Kayveo,603,technology,1620931.97,377061.62,1997993.5899999999,1151141.02,163535.28,8953.46,1323629.76,2012-06-26
Mydo,626,technology,-29465.51,-917981.84,-947447.35,1453376.76,720765.9,-193162.61,1980980.0500000003,2012-05-26
Yakijo,632,technology,1085487.04,1183374.02,2268861.06,20559.55,394836.73,484377.91,899774.19,2012-06-10
Meeveo,633,technology,1326233.77,315261.68,1641495.45,673599.3,380133.33,467364.6,1521097.23,2014-12-22
Tekfly,642,technology,-54164.19,551796.21,497632.01999999996,572146,571176.72,530940.69,1674263.41,2013-02-25
Wordtune,652,technology,909466.75,1651451.67,2560918.42,299728.53,190064.6,130512.62,620305.75,2013-09-14
Trunyx,655,technology,102460.56,2537369.81,2639830.37,774821.28,444099.01,-127217.98,1091702.31,2013-09-08
Wordify,660,technology,1190522.54,1142178.21,2332700.75,563919.15,739120.51,727797.41,2030837.0700000003,2013-09-14
Latz,682,technology,348024.65,2526129.72,2874154.37,800217.71,274654.45,443041.52,1517913.68,2013-09-16
Zoonder,686,technology,1436946.18,939033.91,2375980.09,-139505.88,453873.05,-302791.63,11575.539999999979,2014-03-21
Edgetag,687,technology,1384504.08,1758230.34,3142734.42,-169640.9,1075089.4,1345411.99,2250860.4899999998,2014-06-16
LiveZ,697,technology,1357328.41,1910938.73,3268267.1399999997,1202507.98,722050.86,424294.81,2348853.65,2013-01-24
Blognation,700,technology,1182672.74,2755613.71,3938286.45,-15927.92,1079912.06,176418.35,1240402.4900000002,2014-03-24
Tanoodle,701,technology,788003.53,2036059.01,2824062.54,-44983.11,-76763.96,11153.9,-110593.17000000001,2013-11-23
Chatterpoint,702,technology,963014.01,610772.57,1573786.58,682374.02,1376298.99,-19448.91,2039224.1,2013-06-03
Ozu,722,technology,1011982.65,1198987.09,2210969.74,263509.28,29829.76,-240296.66,53042.380000000034,2013-07-16
Kayveo,725,technology,1549675.94,1161655.46,2711331.4,370574.01,630353.73,594681.65,1595609.3900000001,2014-11-17
Centimia,738,technology,2767404.59,149694.88,2917099.4699999997,839197.65,-1744.69,362758.24,1200211.2000000002,2014-03-31
Wikivu,741,technology,392687.84,777352.56,1170040.4000000001,544618.5,727350.51,600342.4,1872311.4100000001,2013-04-12
Cogilith,748,technology,2905044.22,-245648.08,2659396.14,587082.92,172179.55,646196.89,1405459.3599999999,2014-03-22
Flashpoint,753,technology,840614.54,443531.47,1284146.01,761229.74,390010.12,231121.02,1382360.88,2013-09-26
Yoveo,755,technology,2501676.5,1402167.72,3903844.2199999997,180571.88,626419.65,690473.75,1497465.28,2014-12-04
Kamba,756,technology,1348522.79,2675105.57,4023628.36,724428.12,104232.09,457684.72,1286344.93,2012-09-16
Jayo,763,technology,2021266.85,1061204.51,3082471.3600000003,-97908.34,558851.65,534202.94,995146.25,2013-10-20
Livepath,770,technology,1253609.72,1068924.37,2322534.09,272412.65,619595.11,1353792.15,2245799.91,2013-05-02
Browsecat,779,technology,892086.73,734600.05,1626686.78,344682.54,570793.72,570451.57,1485927.83,2012-10-21
Dablist,783,technology,252028.38,1715780.23,1967808.6099999999,49459.43,249281.72,966356.88,1265098.03,2012-05-14
Reallinks,786,technology,1359512.56,1718508.99,3078021.55,718929.02,738518.07,-25322.95,1432124.14,2014-01-22
Thoughtsphere,793,technology,1139880.36,1441859.46,2581739.8200000003,140997.02,639565.35,1235246.89,2015809.2599999998,2013-02-15
Linkbridge,797,technology,2140239.1,258960.07,2399199.17,932327.07,42117.39,1228755.5,2203199.96,2012-09-14
Janyx,805,technology,2450006.21,-665437.77,1784568.44,-150989.17,134590.87,709235.33,692837.0299999999,2013-09-11
Thoughtworks,820,technology,-413587.17,-758348.34,-1171935.51,275498.44,396927.96,682772.57,1355198.97,2014-09-11
Fadeo,832,technology,2199040.92,346709.25,2545750.17,200911.22,1404831.65,436654.17,2042397.0399999998,2013-03-07
Oyoba,836,technology,1436598.87,839537.32,2276136.19,646475.74,1090473.8,637.5,1737587.04,2013-09-27
Rooxo,839,technology,919013.37,741332.26,1660345.63,1067465.13,894027.31,554440.89,2515933.33,2012-05-03
Yamia,844,technology,614800.65,1060597.74,1675398.3900000001,1052389.92,264907.97,333239.84,1650537.73,2014-12-25
Jabbercube,847,technology,1256478.26,788817.92,2045296.1800000002,661225.82,347982.25,401158.31,1410366.38,2014-07-04
Quamba,850,technology,1697898.37,975060.4,2672958.77,416785.49,519038.29,382908,1318731.78,2014-03-03
Trilith,853,technology,1372331.46,156996.62,1529328.08,1029144.39,446303.27,853085.22,2328532.88,2013-12-28
Quinu,854,technology,1972335.67,628202.38,2600538.05,385327.96,919590.63,1035435.32,2340353.91,2013-01-24
Mydeo,861,technology,840818.33,1366574.82,2207393.15,991815.81,-346613.82,523118.09,1168320.08,2012-08-05
Oozz,874,technology,1079538.99,678792.86,1758331.85,1026212.99,998148.78,641610.61,2665972.38,2012-12-24
Mudo,880,technology,1659809.52,1294669.65,2954479.17,1142241.62,-58682.05,1152644.43,2236204.0,2014-04-28
Youopia,881,technology,551045.78,-605063.71,-54017.929999999935,-508986.87,215610.72,624027.29,330651.14,2012-12-26
Tavu,884,technology,894199.83,-663549.91,230649.91999999993,915556.23,301204.76,390775.03,1607536.02,2013-02-23
Babbleblab,891,technology,1588197.25,1438856.4,3027053.65,245685.38,913562.98,979332.14,2138580.5,2014-08-08
Katz,898,technology,967744.56,645984.03,1613728.59,764912.04,719559.59,744609.38,2229081.01,2014-12-13
Kazio,902,technology,1498174.4,2211899.77,3710074.17,495915.38,290474.73,543717.63,1330107.74,2013-04-14
Centizu,922,technology,259140.65,944133.44,1203274.0899999999,217638.98,463491.7,-517441.85,163688.83000000007,2013-05-07
Livetube,929,technology,1412997.35,1650649.37,3063646.72,262299.41,852689.47,316028.32,1431017.2,2012-06-10
Zooveo,937,technology,186945.75,1308568.87,1495514.62,1130566.51,276702.27,369731.41,1777000.19,2013-07-17
Muxo,948,technology,1847540.71,1220053.8,3067594.51,771342.86,780700.82,643105.95,2195149.63,2013-06-25
Thoughtbeat,958,technology,336260.61,427698.14,763958.75,289519.42,1691165.26,716769.53,2697454.21,2014-10-19
Youopia,964,technology,1135625.15,1004640.92,2140266.07,122746.68,-451327.32,-460464.86,-789045.5,2012-08-08
Youtags,966,technology,-77943.81,-57049.3,-134993.11,-125130.28,916916.89,-151370.46,640416.15,2014-06-27
Edgetag,975,technology,-172557.71,1004337.33,831779.62,234872.12,-14724.56,-211700.74,8446.820000000007,2014-02-08
Flipstorm,984,technology,1139711.97,83382.54,1223094.51,487837.2,-290453.79,-17901.98,179481.43000000002,2013-01-01
Aimbo,987,technology,1564339.83,607228.74,2171568.5700000003,435664.01,59631.48,203381.58,698677.07,2014-03-09
Photobug,996,technology,165379.52,2399430.32,2564809.84,691624.48,831964.71,494724.51,2018313.7,2014-03-06
Yambee,999,technology,-13118.85,167164.81,154045.96,674092.83,1124755.38,793273.88,2592122.09,2013-11-28
Dabshots,1015,technology,1627135.1,2434582.88,4061717.98,78790.1,1006588.68,510345.02,1595723.8,2014-12-30
Linktype,1026,technology,189161.31,2440997.91,2630159.22,526881.45,658657.52,449973.43,1635512.4,2013-05-24
Livepath,1034,technology,83112.62,1132468.08,1215580.7000000002,789196.24,692990.63,486850.74,1969037.61,2012-11-07
Talane,1051,technology,439094.67,2295549.69,2734644.36,510859.6,88737.95,570291.81,1169889.3599999999,2013-02-26
Babblestorm,1061,technology,2055971.64,402286.93,2458258.57,759471.38,270830.39,833961.47,1864263.24,2014-04-07
Teklist,1068,technology,183837.4,-848382.69,-664545.2899999999,288090.02,554592.93,302963.63,1145646.58,2014-09-02
Divavu,1073,technology,41023.64,-287804.29,-246780.64999999997,462520.03,562924.81,271087.43,1296532.27,2013-01-16
Rhybox,1074,technology,1237498.4,719859.77,1957358.17,1352398.04,246543.43,517331.84,2116273.31,2014-08-14
Bubblebox,1078,technology,728264.78,846955.24,1575220.02,513251.58,98301.53,512593.28,1124146.3900000001,2012-09-05
Kare,1082,technology,-706069.58,1162577.46,456507.88,820397.11,669596.32,806089.86,2296083.29,2012-08-27
Dynazzy,1085,technology,-621655.25,2070903.09,1449247.84,667315.12,-76675.79,575972.44,1166611.77,2014-06-29
Meemm,1107,technology,1333919.41,1273410.2,2607329.61,89773.74,927600.28,1029780.33,2047154.35,2012-04-11
Livetube,1108,technology,153898.38,268438.62,422337.0,681606.7,187612.22,652348.06,1521566.98,2014-09-19
Yadel,1109,technology,-347497.27,1101662.8,754165.53,747741.45,63905.81,257926.09,1069573.35,2013-07-10
Abata,1110,technology,1711412.3,1891936.21,3603348.51,547654.98,1204778.8,723494.88,2475928.66,2014-08-10
Jabbertype,1127,technology,2228374.83,442576.96,2670951.79,-144045.17,295128.74,-156652.16,-5568.590000000026,2014-04-28
Voonyx,1129,technology,1997211.7,2026519.74,4023731.44,683243.02,-202597.76,394397.22,875042.48,2014-08-27
Camimbo,1135,technology,613848.08,494092.22,1107940.2999999998,-231787.86,281997.65,889100.18,939309.9700000001,2014-09-14
Feedfish,1146,technology,742297.43,1506761.22,2249058.65,402192.33,123579.99,426368.43,952140.75,2013-05-14
Yata,1147,technology,592036.12,339045.65,931081.77,360559.32,647071.74,1016443.54,2024074.6,2014-06-09
Voonder,1156,technology,680763.09,1288147.02,1968910.1099999999,1465.44,480251.62,895177.48,1376894.54,2014-11-17
Oyoyo,1158,technology,496188.28,-52717.96,443470.32,208690.79,-420336.64,-65873.91,-277519.76,2012-05-12
Geba,1172,technology,-748685.05,391365.11,-357319.94000000006,29412.43,1031585.64,742787.34,1803785.4100000001,2014-09-24
Zoovu,1174,technology,880904.1,1398979.97,2279884.07,342554.12,380919.14,557212.04,1280685.3,2014-08-04
Cogibox,1177,technology,1049941.82,-58295.86,991645.9600000001,1092344.54,155967.68,823850.31,2072162.53,2014-08-13
Wikizz,1183,technology,1898542.76,1342474.56,3241017.3200000003,787837.33,434652.99,-490895.57,731594.7499999998,2012-05-21
Feedmix,1186,technology,757927.28,395682.89,1153610.17,-216124.52,886503.21,984762.11,1655140.7999999998,2014-07-10
Aivee,1188,technology,1430816.15,2979206.25,4410022.4,-41982.68,-111980.36,818168.95,664205.9099999999,2014-11-29
Browsebug,1195,technology,1144671.72,1273955.21,2418626.9299999997,82563.74,464710.33,571226.93,1118501.0,2012-04-10
Devpulse,1205,technology,2653720.75,230922.66,2884643.41,887666.46,593013.93,1089185.25,2569865.64,2013-12-05
Gabspot,1212,technology,249452.02,1756026.6,2005478.62,122035.4,563062.37,698862.01,1383959.78,2012-04-30
Vinte,1217,technology,361585.18,2204755.61,2566340.79,346228.15,471051.41,518756.72,1336036.28,2013-03-04
Agimba,1222,technology,1219914.85,1776766.16,2996681.01,303708.91,1320152.34,734482.26,2358343.51,2014-02-22
Ntags,1238,technology,539050.42,-508080.41,30970.010000000068,697677.8,668746.94,454649.78,1821074.52,2014-06-04
Twitterworks,1262,technology,45541.6,1275303.85,1320845.4500000002,485728.84,262142.5,665692.74,1413564.08,2013-08-29
Mudo,1270,technology,2603333.92,1872215.65,4475549.57,1053416.95,474471.27,394691.72,1922579.94,2013-05-09
Topicblab,1290,technology,1414043.63,515049.14,1929092.77,554842.7,448983.11,843348.3,1847174.1099999999,2014-01-28
Linkbuzz,1301,technology,810160.79,477173.07,1287333.86,376364.18,809341.81,888230.25,2073936.24,2013-12-10
Demizz,1305,technology,510153.86,1325575.45,1835729.31,725980.96,693641.39,1034610.29,2454232.64,2014-12-14
Yata,1308,technology,1261015.09,944521.54,2205536.63,455190.91,249298.01,1059191.55,1763680.47,2013-04-16
Mydo,1314,technology,382752.17,777585.93,1160338.1,593702.04,227581.1,85206.05,906489.1900000001,2012-07-19
Linkbridge,1315,technology,1741927.68,1097186.5,2839114.1799999997,-384070.9,786100.7,603929.52,1005959.32,2012-08-21
Twimbo,1328,technology,1358472.17,1387474.28,2745946.45,231637.3,950425.86,529868.6,1711931.7599999998,2013-12-05
Photospace,1334,technology,1040029.95,1482717.64,2522747.59,433366.27,593735.59,-90763.48,936338.38,2013-01-26
Bubbletube,1344,technology,1100758.26,1187156.78,2287915.04,433523.84,539636.37,436309.99,1409470.2,2014-12-19
Youspan,1364,technology,-296965.48,1510287.18,1213321.7,1292684.14,624970.82,867493.73,2785148.69,2014-03-08
Meemm,1371,technology,20080.42,-45353.58,-25273.160000000003,527853.16,662288.76,855778.81,2045920.73,2013-12-27
Quimba,1372,technology,152979.34,2163158.82,2316138.1599999997,340489.54,626143.78,563877.47,1530510.79,2013-03-14
Zoonder,1377,technology,588481.28,1721286.28,2309767.56,108826.57,516917.43,57261.21,683005.21,2012-10-20
Eire,1380,technology,1829686.42,864221.51,2693907.9299999997,-62193.79,519496.92,1277344.75,1734647.88,2012-05-18
Rhynyx,1389,technology,174175.89,994937.78,1169113.67,-82416.16,968457.33,305547.6,1191588.77,2013-11-25
Oyonder,1398,technology,-175164.32,1710123.22,1534958.9,949629.03,-223128.18,1113242.39,1839743.24,2014-02-12
Aimbo,1411,technology,1343713.64,1295228.7,2638942.34,655227.75,902711.49,540986.81,2098926.05,2013-11-28
Edgeblab,1426,technology,668739.72,351330.18,1020069.8999999999,926305.13,347112.25,358973.87,1632391.25,2012-07-08
Einti,1439,technology,-190395.39,2080682.63,1890287.2399999998,570081.18,1511934.2,912273.76,2994289.1399999997,2012-07-30
Dynabox,1442,technology,-609543.79,1953262.34,1343718.55,419349.93,487277.11,-387623.61,519003.43000000005,2012-10-10
Zava,1444,technology,2147271.37,-249934.84,1897336.53,579067.58,707393.96,538491.57,1824953.1099999999,2012-05-29
Zoomlounge,1446,technology,1987091.58,1402654.7,3389746.2800000003,891212.14,717591.35,665941.47,2274744.96,2014-02-02
Meedoo,1449,technology,980167.32,686572.46,1666739.7799999998,698719,163300.92,298288.53,1160308.4500000002,2013-01-13
Tavu,1462,technology,1347124.18,1577436.68,2924560.86,673349.52,52844.21,419906.08,1146099.81,2014-09-17
Jabberstorm,1475,technology,-418532.17,-438587.49,-857119.6599999999,224507.23,1034743.72,566305.51,1825556.46,2012-09-08
Feedfire,1476,technology,2051684.53,427067.25,2478751.7800000003,673271.84,759425.07,395040.25,1827737.16,2012-07-31
Riffpath,1477,technology,1117259.09,1491274.86,2608533.95,700876.19,261903.02,560807.65,1523586.8599999999,2012-05-14
Yozio,1478,technology,1989161.82,385076.81,2374238.63,718538.23,-123330.73,282492.46,877699.96,2012-04-11
Meevee,1487,technology,1180440.53,3023887.84,4204328.37,612345.06,555936.73,718323.26,1886605.05,2012-11-04
Zoomcast,1490,technology,834819.08,2081071.5,2915890.58,874505.69,1414888.59,-621708.96,1667685.3200000003,2014-10-01
Meedoo,1494,technology,652681.62,-266266.87,386414.75,335211.2,340046.69,721271.44,1396529.33,2013-05-08
Thoughtmix,1497,technology,-203524.08,2271291.42,2067767.3399999999,551229.18,224086.33,570938.64,1346254.15,2013-02-11
Latz,1509,technology,1645396.17,893797.6,2539193.77,874871.38,316225.35,896431.67,2087528.4,2014-09-01
Skinte,1515,technology,355541.69,1111589.18,1467130.8699999999,338282.42,-212900.29,1322673.64,1448055.7699999998,2013-11-16
Yodel,1527,technology,690079.23,1282233.6,1972312.83,60094,483072.36,491103.49,1034269.85,2013-07-13
Aibox,1532,technology,1041164.97,1248664.39,2289829.36,439091.29,721564.11,-40534.4,1120121.0,2014-10-19
Twitternation,1539,technology,596757.25,5015.08,601772.33,1129629.12,685697.2,269005.41,2084331.73,2012-09-05
Jaxspan,1545,technology,590391.6,649457.32,1239848.92,416118.93,587654.67,-92351.22,911422.3800000001,2013-09-17
Flipbug,1547,technology,2552597.46,67294.72,2619892.18,293803.32,236441.44,1384979.34,1915224.1,2014-08-13
Meeveo,1557,technology,-531486.61,2824236.2,2292749.5900000003,688275.83,433496.95,510876.5,1632649.28,2014-08-04
Quinu,1579,technology,333147.79,1173963.44,1507111.23,574896.19,338184.79,404093.2,1317174.18,2014-12-01
Photospace,1581,technology,1126279.29,2863253.79,3989533.08,1235541.83,610425.55,811972.82,2657940.2,2013-08-27
Zava,1594,technology,969388.65,1634303.23,2603691.88,250070.64,1142580.76,483850.99,1876502.39,2013-01-06
Jabbersphere,1599,technology,1387239.5,456213.03,1843452.53,634744.24,-40842.32,1129202.89,1723104.81,2014-07-06
Mynte,1600,technology,730046.24,489110.11,1219156.35,422005.89,424428.23,847033.82,1693467.94,2012-06-25
Skinte,1606,technology,-616488.18,1617389.63,1000901.4499999998,272304.31,51576.71,239297.57,563178.5900000001,2014-12-05
Jayo,1607,technology,1411352.79,-1917425.88,-506073.08999999985,148366.89,982724.03,879958.53,2011049.45,2014-11-15
Kimia,1608,technology,1659690.95,1238895.69,2898586.6399999997,23024.21,915023.7,126010.39,1064058.2999999998,2013-08-27
Oyondu,1610,technology,1645894.68,-250079.28,1395815.4,732753.57,98934.38,561655.65,1393343.6,2012-04-14
Dabvine,1613,technology,1054168.59,1712142.67,2766311.26,285380.71,805961.03,223721.85,1315063.59,2014-10-23
Yacero,1619,technology,2145792.55,-109972.82,2035819.7299999997,273202.44,72816.8,1100020.16,1446039.4,2012-08-06
Quatz,1629,technology,1660830.76,-728749.98,932080.78,-265984.19,249725.98,960667.12,944408.91,2014-06-04
Zoonoodle,1657,technology,543855.49,2193641.63,2737497.12,545831.07,173126.58,492688.01,1211645.66,2013-05-09
Yodel,1659,technology,948551.58,1866726.47,2815278.05,1204570.62,435480.31,1066459.27,2706510.2,2012-10-20
Trudoo,1673,technology,1798015.45,1995098.41,3793113.86,990129.65,420191.47,767438.94,2177760.06,2013-09-16
Leexo,1674,technology,1711693.69,1891021.32,3602715.01,73726.29,903345.69,131194.54,1108266.52,2013-04-10
Yodel,1675,technology,393496.15,822085.86,1215582.01,679200.24,532340.8,-97367.29,1114173.75,2012-08-06
Livetube,1682,technology,937138.75,862344.64,1799483.3900000001,902065.44,578664.59,-421356.87,1059373.1599999997,2013-09-07
Zoomdog,1690,technology,-408435.75,1649266.22,1240830.47,314017.91,447203.24,354091.27,1115312.42,2013-02-22
Rhycero,1722,technology,1496131.43,1944649.28,3440780.71,524781.87,897112.41,221923.08,1643817.36,2014-02-19
Fiveclub,1723,technology,538091.27,-149267.71,388823.56000000006,911703.89,562825.87,341084.4,1815614.1600000001,2012-06-18
Lazz,1724,technology,1678821.41,310251.28,1989072.69,97085.84,268481.5,863956.9,1229524.24,2012-06-18
Nlounge,1735,technology,1097931.64,2022537.74,3120469.38,600781.9,552383.68,255251.58,1408417.1600000001,2012-04-19
Photobean,1739,technology,665590.72,1202439.76,1868030.48,763633.86,49115,670110,1482858.8599999999,2013-07-12
Tagpad,1749,technology,-594220.43,1194784.1,600563.67,856759.79,-14038.77,580772.3,1423493.32,2012-06-26
Rhynyx,1750,technology,-205620.36,-54887.77,-260508.12999999998,660079.42,855073.32,624136.12,2139288.86,2013-03-08
Linkbridge,1756,technology,1425323.57,314254.35,1739577.92,823245.54,508006.55,159898.86,1491150.9500000002,2013-11-17
Mita,1773,technology,2133318.51,1721156.97,3854475.4799999995,-98612.03,14976.78,1236619.13,1152983.88,2013-10-01
Gigabox,1774,technology,1875760.7,694798.4,2570559.1,99021.46,633119.33,317181.26,1049322.0499999998,2014-12-01
Eabox,1783,technology,1633499.41,-14441.66,1619057.75,697220.72,1005053.2,-103076.52,1599197.4,2013-01-16
Yambee,1790,technology,1723791.93,2141886.54,3865678.4699999997,264068.74,-548761.56,1091410.62,806717.8,2013-03-26
Dynabox,1794,technology,379780.57,2020678.05,2400458.62,538117.38,894893.55,171652.4,1604663.33,2014-10-30
Zoomzone,1798,technology,1643945.57,479352.87,2123298.44,223053.27,1043658.01,613821.59,1880532.87,2014-10-08
Aibox,1801,technology,819678.34,1824060.65,2643738.9899999998,510869.28,194151,1165250.83,1870271.11,2014-09-08
Eimbee,1805,technology,-211564.25,1232152.11,1020587.8600000001,1013191.05,248095.27,856887.19,2118173.51,2012-11-30
Aivee,1806,technology,850104.74,825157.44,1675262.18,1079790.53,676425.44,229417.35,1985633.32,2013-01-24
Browsetype,1809,technology,2064539.22,895134.17,2959673.39,-250909.53,162607.37,-194793.97,-283096.13,2014-02-03
Npath,1819,technology,1340003.44,2114598.49,3454601.93,807341.15,-166867.4,200814.25,841288.0,2014-06-29
Zoonder,1833,technology,1541244.08,2198012.25,3739256.33,208875.66,-472405.92,506103.89,242573.63,2014-10-25
Vitz,1846,technology,-257632.48,485246.83,227614.35,1008445.25,632099.67,1104486.61,2745031.5300000003,2012-12-30
Talane,1848,technology,329627.75,1496268.38,1825896.13,-67061.92,1155178.38,431973.46,1520089.92,2012-07-23
Jabbercube,1851,technology,1264277.49,898193.88,2162471.37,834544.04,72053.99,592910.37,1499508.4,2014-10-14
Brainverse,1856,technology,1622287.05,1816196.51,3438483.56,-64175.19,947320.4,-79391.19,803754.02,2012-04-25
Linkbridge,1858,technology,341737.28,2474510.44,2816247.7199999997,1111061.25,236545.06,199398.13,1547004.44,2014-04-28
Jaxworks,1875,technology,438732.16,2504246.93,2942979.0900000003,404167.79,31801.18,477335.3,913304.27,2014-05-14
Youopia,1877,technology,878739.18,1229675.92,2108415.1,1350355.68,91792.46,288580.69,1730728.8299999998,2014-07-10
Demimbu,1884,technology,-1036401.48,1747402.84,711001.3600000001,446259.21,539683.76,175799.99,1161742.96,2013-07-31
Realfire,1886,technology,1094602.23,1899747.15,2994349.38,-130166.52,413048.2,1087977.01,1370858.69,2013-05-10
Fiveclub,1888,technology,733399.79,1257696.66,1991096.45,377467.4,561926.01,661414.5,1600807.9100000001,2014-11-06
Skimia,1893,technology,1447636.55,855163.57,2302800.12,158347.86,564598.79,363728.56,1086675.21,2013-02-14
Photobean,1924,technology,923473.53,1482196.31,2405669.84,430716.06,400621.12,246160.47,1077497.65,2014-07-14
Edgepulse,1965,technology,-496189.84,1421776.57,925586.73,1603354.51,349773.69,709422.84,2662551.04,2014-09-06
Bluejam,1966,technology,1334865.05,1520046.04,2854911.09,512427.82,835700.99,400842.16,1748970.97,2012-05-19
Izio,1973,technology,1975222.02,-193532.32,1781689.7,340782.1,323221.47,139471.64,803475.21,2014-05-28
Wordtune,1976,technology,2187952.59,379407.84,2567360.4299999997,-53090.61,149088.41,1168654.56,1264652.36,2012-08-08
Gabvine,1979,technology,1620791.99,722988.8,2343780.79,-205550.95,537302.41,363320.35,695071.81,2013-11-06
Yamia,2012,technology,-174249.7,1149782.88,975533.1799999999,809429.32,178660.84,-120149.02,867941.1399999999,2014-12-07
Eare,2017,technology,-602393.14,995133.52,392740.38,-107377.67,959616.9,373674.64,1225913.87,2014-05-25
Ntag,2018,technology,747343.06,1210474,1957817.06,953803.08,181659.01,425845.46,1561307.5499999998,2012-10-23
Skalith,2045,technology,-222173.92,-433547.21,-655721.13,-298770.96,570449.09,850340.78,1122018.91,2014-08-06
Roombo,2047,technology,626299.59,-878888.08,-252588.49,607171.23,746879.86,474199.99,1828251.0799999998,2013-07-13
Oyonder,2049,technology,-389072.94,538405.07,149332.12999999995,554831.7,791069.68,79933.57,1425834.95,2012-08-13
Flipbug,2069,technology,723202.41,264320.75,987523.16,392686.8,55002.38,151299.87,598989.05,2014-02-25
Skiptube,2071,technology,1637251.68,909175.35,2546427.03,1068533.17,-95837.36,737681.88,1710377.69,2013-03-31
Trudoo,2078,technology,-2858.48,734190.39,731331.91,639031.91,499051.72,433308.96,1571392.5899999999,2014-09-12
Fadeo,2079,technology,1024322.15,1977321.27,3001643.42,1058906,-141205.15,850568.13,1768268.98,2014-05-03
Aimbo,2080,technology,482430.84,529497.64,1011928.48,702969,546978.26,1172614.37,2422561.63,2014-02-23
Skajo,2087,technology,413299.8,440983.11,854282.9099999999,503132.75,-300659.3,448634.31,651107.76,2014-08-10
Gabtype,2089,technology,1068770.91,1214780.92,2283551.83,12013.29,-354247.94,722958.95,380724.29999999993,2014-07-06
Rhyloo,2090,technology,1186510.21,-187291.97,999218.24,648887.15,311106.73,588557.84,1548551.72,2013-11-25
Jaxspan,2112,technology,692435,1579425.31,2271860.31,181895.02,208403.32,833186.46,1223484.7999999998,2013-12-22
Yodo,2127,technology,1747318.34,774074.16,2521392.5,307154.51,378453.66,491813.85,1177422.02,2014-10-12
Dabfeed,2132,technology,1373411.76,863950.74,2237362.5,676241.1,202340.83,460272.78,1338854.71,2013-05-30
Skipfire,2133,technology,2218362.26,734906.88,2953269.1399999997,1411433.1,3799.79,129394.82,1544627.7100000002,2014-06-28
Devcast,2138,technology,2176515.92,1616303.11,3792819.0300000003,361193.2,821311.54,424329.45,1606834.19,2013-01-24
DabZ,2152,technology,1173298.82,1561549.21,2734848.0300000003,165973.61,531281.38,314970.57,1012225.56,2012-06-25
Trudeo,2168,technology,1905819.79,1426499.57,3332319.3600000003,698991.12,525956.1,330950.33,1555897.55,2014-01-22
Kwilith,2172,technology,1965195.68,1262773.75,3227969.4299999997,769749.08,-129526.45,210940.31,851162.94,2013-04-12
Fanoodle,2184,technology,802254.84,1379972.98,2182227.82,282117.7,180246.07,580189.03,1042552.8,2012-11-30
JumpXS,2201,technology,1095511.15,1007489.38,2103000.53,588050.15,1128363.18,1044599.08,2761012.41,2013-12-10
Mynte,2209,technology,1500162.71,665937.84,2166100.55,538174.18,680179.07,740074.64,1958427.8900000001,2014-05-21
Linkbridge,2213,technology,10859.21,577823.78,588682.99,206220.56,821110.51,225039.42,1252370.49,2013-07-14
Flipstorm,2232,technology,2191671.25,203082.76,2394754.01,973545.32,-308230.63,-185408.17,479906.5199999999,2014-03-13
Vipe,2242,technology,1758116.11,1866065.03,3624181.14,300373,718019.95,1010458.72,2028851.67,2012-05-05
Agivu,2253,technology,2527392.82,747099.48,3274492.3,157993.53,565005.58,555755.56,1278754.67,2013-09-17
Jabberbean,2262,technology,678196.48,961270.25,1639466.73,139608.8,642772.16,150117.52,932498.48,2013-06-05
Yakidoo,2267,technology,883638.96,615029.38,1498668.3399999999,553110.93,683538.16,904509.68,2141158.77,2014-02-19
Plajo,2270,technology,1037382.64,1122657.95,2160040.59,543909.87,465643.99,497814.81,1507368.67,2013-08-30
Tazz,2295,technology,-119113.53,1091822.06,972708.53,-36905.9,647970.25,728079.12,1339143.47,2014-06-08
Thoughtblab,2297,technology,1694358.54,329196.99,2023555.53,564985.03,494432.19,987730.19,2047147.41,2013-05-04
Devshare,2300,technology,807721.14,626874.3,1434595.44,771042.51,1025332.14,1000007.89,2796382.54,2014-08-07
Skinix,2334,technology,1343189.65,2056880.03,3400069.6799999997,266650.56,555515.39,1035161.12,1857327.0699999998,2014-04-27
Cogibox,2336,technology,243136.23,101726.84,344863.07,520125.6,623809.95,1279904.61,2423840.16,2013-02-07
Tagchat,2349,technology,806420.01,2361146.01,3167566.0199999996,250935.47,25446.11,740600.35,1016981.9299999999,2013-12-17
Gabspot,2353,technology,965115.95,1913728.95,2878844.9,205859.97,615143.54,972529.78,1793533.29,2013-02-05
Edgeblab,2358,technology,1164157.73,1622637.32,2786795.05,790775.8,467749.44,203280.09,1461805.33,2012-06-03
Gabvine,2367,technology,846801.63,681996.12,1528797.75,321805.32,575641.31,1014701.95,1912148.58,2012-12-21
Realbuzz,2374,technology,1037762.65,1299235.41,2336998.06,740929.54,228813.77,821094.55,1790837.86,2014-02-05
Browsetype,2377,technology,1231641.36,690882.85,1922524.21,145901.26,464096.77,-38426.1,571571.93,2013-10-26
Photobug,2382,technology,1924884.96,380752.09,2305637.05,908374.28,591629.95,470058.75,1970062.98,2014-09-05
Eadel,2397,technology,627395.09,1031989.29,1659384.38,1086623.52,470811.08,1301194.36,2858628.96,2013-04-12
Brightdog,2399,technology,1534736.54,426000.26,1960736.8,1022736.45,396831.69,-721488.01,698080.1299999999,2014-07-08
Oyoloo,2402,technology,1232975.73,1594102.41,2827078.1399999997,731604.58,517671.28,691156.6,1940432.46,2014-05-06
Thoughtmix,2444,technology,299663.46,645953.96,945617.4199999999,-351213.05,888862.89,384452.73,922102.5700000001,2012-04-25
Browsedrive,2449,technology,475775.3,1760039.57,2235814.87,840185.24,344914.58,431326.86,1616426.6800000002,2014-08-11
Kwimbee,2458,technology,472736.08,1954654.63,2427390.71,638056.21,1509193.07,1025652.11,3172901.39,2012-06-21
Trunyx,2477,technology,922709.79,2185687.79,3108397.58,419296.53,444599.45,397629.91,1261525.89,2013-07-13
Twitterwire,2488,technology,253202,126939.83,380141.83,1418301.32,610352.38,1124578.52,3153232.22,2014-04-19
Skippad,2500,technology,218675.38,1952787.48,2171462.86,1126649.23,1044165.38,705126.02,2875940.63,2013-02-15
Wordpedia,2509,technology,745250.22,75811.54,821061.76,1058191.76,389329.79,524621.21,1972142.76,2014-02-07
Jabbertype,2518,technology,1381915.83,206202.84,1588118.6700000002,201803.32,429229.84,842286.04,1473319.2000000002,2013-12-31
Rhynyx,2528,technology,1060017.29,1672244.93,2732262.2199999997,400785.42,1004542.69,260941.3,1666269.41,2013-01-10
Kare,2547,technology,1843259.01,1285061.05,3128320.06,374626.04,619340.99,1144896.52,2138863.55,2013-10-28
Quamba,2555,technology,532188.89,2439438.39,2971627.2800000003,502465.13,36572.1,-520589.91,18447.320000000007,2014-07-17
Tazz,2556,technology,1302768.72,919588.33,2222357.05,1422460.66,94095.14,1517893.09,3034448.8899999997,2012-08-07
Myworks,2559,technology,161411.89,1669164.3,1830576.19,641825.55,19568.23,584201.81,1245595.59,2013-12-12
Jaxnation,2586,technology,315161.48,1080490.31,1395651.79,82263.7,456989.95,-170738.66,368514.99,2014-04-07
Oozz,2589,technology,899829.85,448899.24,1348729.0899999999,763878.11,546383.95,582888.28,1893150.34,2013-07-16
Zoonoodle,2598,technology,1266458.08,1088293.28,2354751.3600000003,-433232.2,697462.03,855596.15,1119825.98,2014-01-18
Zooveo,2610,technology,1744626.76,902504.87,2647131.63,100280.27,-48527.78,1403823.33,1455575.82,2013-10-31
Shufflester,2611,technology,2217248.41,2072574.05,4289822.46,-276701.1,-200706.21,790138.16,312730.8500000001,2012-04-16
Minyx,2616,technology,-974230.61,1241474.03,267243.42000000004,668420.16,455895.46,1033914.59,2158230.21,2012-07-20
Tagpad,2621,technology,1878113.2,864084.54,2742197.74,751995.47,331162.58,-79854.41,1003303.64,2014-02-12
Mynte,2634,technology,2315285.43,1004112.92,3319398.35,234699.6,766317.4,986786.87,1987803.87,2014-10-07
Livetube,2638,technology,2116481.46,491053.84,2607535.3,193403.66,430562.09,142288.9,766254.65,2012-06-20
Roomm,2645,technology,195367.3,865777.59,1061144.89,693846.93,610758.21,434863.35,1739468.4900000002,2014-09-24
Chatterpoint,2649,technology,218366.82,373033.13,591399.95,384757.09,298638.05,-177344.08,506051.06000000006,2012-11-03
Zava,2665,technology,-680430.3,784767.16,104336.85999999999,112725.35,947770.94,1007062.03,2067558.32,2014-07-02
Wikizz,2666,technology,1294763.01,1060709.89,2355472.9,516758,436438.72,589476.13,1542672.85,2013-08-11
Agimba,2668,technology,533728.66,1516921.34,2050650.0,-308173.43,339730.01,211192.28,242748.86000000002,2012-06-14
Trudoo,2692,technology,2795950.28,1580185.84,4376136.12,181323.02,1332303.27,-61390.45,1452235.84,2012-04-28
Jamia,2698,technology,1865756.76,810543.69,2676300.45,996486.26,486631.19,-262036.28,1221081.17,2013-06-17
Jaxspan,2702,technology,1023997.71,683259.63,1707257.3399999999,1275635.64,-27777.85,464439.27,1712297.0599999998,2014-04-18
Skipstorm,2712,technology,517157.58,1986170.5,2503328.08,340190.06,1196212.2,258254.82,1794657.08,2012-05-05
Skyndu,2714,technology,1968157.9,1032583.6,3000741.5,568639.59,-107640.78,681203.05,1142201.8599999999,2012-04-30
Dazzlesphere,2733,technology,780867.24,-467754.64,313112.6,347642.73,1326630.05,340671.58,2014944.36,2013-09-09
Oba,2735,technology,1285412.45,2869560.92,4154973.37,211950.1,-258775.9,964586.33,917760.53,2013-01-20
Midel,2750,technology,1177195.18,1584214.84,2761410.02,776136.99,551207.96,762050.99,2089395.94,2013-08-12
Avamba,2752,technology,595649.66,1356724.58,1952374.2400000002,464372.5,-193459.22,751327.05,1022240.3300000001,2013-02-12
Lajo,2753,technology,906079.9,1711246.13,2617326.03,262604.95,790772.5,368197.41,1421574.8599999999,2012-07-27
Bluezoom,2775,technology,1083834.88,1247215.25,2331050.13,916139.12,814364.46,725261.91,2455765.49,2013-10-13
Youbridge,2779,technology,1437166.59,-15602.37,1421564.22,312794.07,249497.57,478626.07,1040917.71,2014-02-11
Blogspan,2786,technology,1617068.02,362281.83,1979349.85,444629.71,-98443.44,-88560.23,257626.04000000004,2013-11-03
Linklinks,2790,technology,2283218.85,514905.98,2798124.83,636599.21,213618.37,175433.1,1025650.6799999999,2013-10-09
Agimba,2807,technology,233491.63,54739.67,288231.3,611150.7,1323985.18,203813.47,2138949.35,2014-12-06
Meeveo,2809,technology,1068882.84,613513.91,1682396.75,473586.79,708471.49,685783.63,1867841.9100000001,2014-05-09
Trupe,2813,technology,-867941.02,1783089.99,915148.97,669687.98,427552.41,206424.44,1303664.8299999998,2012-09-17
Yodel,2816,technology,103112.05,953012.79,1056124.84,1128565.01,356354.73,730953.33,2215873.07,2014-10-20
Skipfire,2818,technology,1290986.58,907504.26,2198490.84,413913.95,1091716.33,558634.83,2064265.1099999999,2012-12-10
Shufflebeat,2826,technology,34703.44,1193849.98,1228553.42,811016.85,886223.71,-59938.45,1637302.11,2013-11-07
Shuffletag,2828,technology,1038731.62,2255450.54,3294182.16,276291.6,924493.96,690097.51,1890883.07,2014-01-01
Thoughtstorm,2837,technology,531754.98,773756.99,1305511.97,164756.34,1229216.3,724487.91,2118460.5500000003,2014-07-13
Oozz,2849,technology,1917865.79,1020944.37,2938810.16,745829.05,1049790.88,941170.24,2736790.17,2013-11-09
Mycat,2850,technology,265026.26,-242578.45,22447.809999999998,1066310.4,135852.79,565443.49,1767606.68,2012-05-15
Skipfire,2852,technology,289590.69,678732.18,968322.8700000001,353380.34,880894.47,647182.84,1881457.65,2014-07-08
Quamba,2853,technology,1643870.27,1036369.72,2680239.99,-194339.98,370334.79,1091480.9,1267475.71,2014-01-15
Roodel,2856,technology,744087.83,1353518.01,2097605.84,549844.82,639610.8,894093.53,2083549.1500000001,2012-05-28
Wordpedia,2864,technology,1398205.15,138491.27,1536696.42,368827.46,1158002.2,256552.19,1783381.8499999999,2013-07-19
Mydeo,2867,technology,2403147.42,1021490.36,3424637.78,301901.17,741114.36,-59288.74,983726.79,2013-03-02
Lajo,2870,technology,2382752.04,-164545.11,2218206.93,549551.12,19385.29,913270.88,1482207.29,2014-10-25
Demizz,2871,technology,137012.03,127371.54,264383.57,-45676.95,666044.87,670311.68,1290679.6,2014-06-15
Mycat,2887,technology,936000.12,569546.87,1505546.99,633893.44,-39345.9,455934.73,1050482.27,2014-05-06
Zava,2899,technology,976174.23,1964924.05,2941098.2800000003,869995.4,1033562.79,336410.92,2239969.11,2013-11-05
Kazu,2914,technology,2336430.21,-357734.51,1978695.7,-194399.87,1010513.17,869754.33,1685867.63,2013-11-07
Skibox,2944,technology,1767309.7,418453.45,2185763.15,544075.59,863696.91,727199.1,2134971.6,2012-04-16
Meemm,2971,technology,1839953.48,-118770.03,1721183.45,353136.75,890639.03,441038.3,1684814.08,2014-03-02
Skidoo,2975,technology,1135512.63,620032.19,1755544.8199999998,190586.1,278733.86,644244.33,1113564.29,2013-03-19
Eazzy,2981,technology,2379839.46,39687.92,2419527.38,467422.68,328778.1,780397.16,1576597.94,2014-09-06
Janyx,3020,technology,2644335.56,1152904.43,3797239.99,252641.36,1108553.69,293104.83,1654299.88,2013-04-02
Snaptags,3025,technology,393302.32,763715.62,1157017.94,942297.85,539788.58,964321.15,2446407.58,2012-08-28
Realblab,3032,technology,934156.4,2273194.35,3207350.75,569120.45,-7487.36,1073216.68,1634849.77,2013-07-22
Skinix,3034,technology,652074.61,203092.49,855167.1,852071.43,12097.79,416645.89,1280815.11,2014-07-04
Eidel,3038,technology,60309.71,504435.54,564745.25,444993.37,351433.01,1075845.86,1872272.2400000002,2014-11-18
Kayveo,3061,technology,1691076.85,1122378.54,2813455.39,-385757.45,-404624.62,666394.83,-123987.2400000001,2013-02-15
Topiclounge,3062,technology,90976.09,1241186.39,1332162.48,339050.56,584643.47,272471.82,1196165.85,2014-08-06
Voonyx,3092,technology,602878.83,58712.41,661591.24,136915.23,733935.44,335831.4,1206682.0699999998,2014-09-11
Npath,3106,technology,2193968.63,492204.12,2686172.75,-223025.56,727262.88,552794.12,1057031.44,2014-05-27
Camido,3129,technology,814864.51,1318714.51,2133579.02,426119.05,797306.37,326618.13,1550043.5499999998,2014-05-09
Izio,3142,technology,1224306.59,857642.39,2081948.98,688382.01,-21862.11,65166.38,731686.28,2014-10-30
Eazzy,3146,technology,103177.76,848156.54,951334.3,804206.56,955194.5,92411.99,1851813.05,2012-11-25
Jabbersphere,3154,technology,1978071.49,1836892.05,3814963.54,692937.15,1222316.09,581085.36,2496338.6,2014-01-20
Quamba,3156,technology,865878.66,166505.03,1032383.6900000001,719990.58,475325.44,561385.06,1756701.08,2012-06-30
Oyope,3160,technology,-51032.36,1331441.44,1280409.0799999998,325519.73,37676.35,784797.27,1147993.35,2013-01-30
Livetube,3169,technology,-466536.37,1746306.53,1279770.1600000001,527523.11,582882.05,552979.51,1663384.6700000002,2013-02-06
Wordpedia,3179,technology,1056720.48,861833.52,1918554.0,1178847.49,730080.67,-4766.31,1904161.85,2012-12-06
Ooba,3188,technology,2010312.24,-282046.77,1728265.47,-95269.42,485837.85,495806.44,886374.87,2013-01-11
Oyonder,3203,technology,661730.68,2873147.86,3534878.54,189811.79,1411883.9,281379.88,1883075.5699999998,2013-04-13
Rhycero,3204,technology,1948772.73,1332012.43,3280785.16,1558505.58,-63367.31,526344.83,2021483.1,2014-01-17
Centidel,3209,technology,1380284.54,758813.83,2139098.37,107548.26,698579.95,39752.49,845880.7,2013-11-14
Ozu,3215,technology,940095.9,1040842.01,1980937.9100000001,-108155.09,687145.17,-22260.15,556729.93,2014-05-07
Zoombeat,3220,technology,1014053.49,511789.73,1525843.22,355161.95,376503.54,116374.65,848040.14,2014-08-13
Skidoo,3227,technology,2202485.85,658784.3,2861270.1500000004,514043.01,595694.89,822412.18,1932150.08,2012-10-22
Dabvine,3242,technology,1032315.21,1408307,2440622.21,688790.42,1171998.39,1069670.66,2930459.4699999997,2013-07-27
Oyondu,3250,technology,1869370.64,-37580.79,1831789.8499999999,655358.32,671696.81,813926.42,2140981.55,2014-04-28
Jabberstorm,3252,technology,1549930.17,1653623.56,3203553.73,41253.43,75260.73,198587.72,315101.88,2012-10-14
Dynava,3260,technology,-690670.66,580476.41,-110194.25,680209.36,-278896.07,57322.51,458635.8,2014-09-21
Linkbuzz,3265,technology,1179792.27,2753533.8,3933326.07,398363.7,742326.38,-40199.31,1100490.77,2013-09-19
Wordtune,3271,technology,-316736.09,-828463.28,-1145199.37,-316598.28,1057450.27,1254383.18,1995235.17,2013-04-20
Quinu,3274,technology,2465445.51,1325715.75,3791161.26,135279.9,1247301.75,559377.35,1941959.0,2012-04-10
Tambee,3278,technology,96303.58,2073171.18,2169474.76,240158.22,182506.9,560585.27,983250.39,2014-08-15
Miboo,3279,technology,1983634.2,195467.22,2179101.42,1253916.21,500545.01,707127.74,2461588.96,2014-01-25
Fivebridge,3281,technology,1758045.51,320799.43,2078844.94,484640.07,485187.72,1187402.56,2157230.35,2013-12-21
Meembee,3287,technology,231407.34,568316.13,799723.47,706185.17,785694.41,414846.25,1906725.83,2012-11-15
Realpoint,3293,technology,376877.53,-21329.7,355547.83,64812.43,664068.35,358801.82,1087682.6,2013-12-02
Brainverse,3301,technology,1883451,2254502.5,4137953.5,313910.07,53464.02,152360.71,519734.80000000005,2014-08-15
Zoomlounge,3310,technology,264640.24,-392911.42,-128271.18,442460.47,993578.27,268149.42,1704188.16,2012-05-25
Jabbersphere,3312,technology,528328.14,1152233.63,1680561.77,164998.9,1131116.06,248581.39,1544696.35,2014-04-28
Thoughtbeat,3315,technology,-948485.16,1950128.93,1001643.7699999999,1348446.65,528584.85,-47301.05,1829730.45,2013-03-27
Linktype,3318,technology,906496.19,2120297.01,3026793.1999999997,333109.86,743009.4,370116.39,1446235.65,2014-12-26
Yakitri,3320,technology,-17444.87,1211964.27,1194519.4,676895.18,368144.86,846121.48,1891161.52,2012-11-01
Skippad,3323,technology,711303.48,1112714.11,1824017.59,286234.77,131141.76,1148569.14,1565945.67,2013-11-01
Blognation,3328,technology,1587378.9,1063841.33,2651220.23,129175.92,794472.23,635947.66,1559595.81,2014-04-10
Meevee,3329,technology,930533.1,945406.77,1875939.87,248785.76,392224.02,475424.28,1116434.06,2013-06-25
Brainbox,3340,technology,78685.35,1289338.56,1368023.9100000001,-8522.41,525413.12,524460.85,1041351.56,2014-04-17
Gabtune,3352,technology,1775730.4,1676612.19,3452342.59,759797.99,1073239.8,469331.7,2302369.49,2012-10-23
Tanoodle,3356,technology,1789948.03,1192661.98,2982610.01,753339.08,108964.5,1249544.89,2111848.4699999997,2012-08-19
Abatz,3360,technology,1961805.66,-108011.34,1853794.3199999998,916074.28,383688.88,-79803.73,1219959.4300000002,2012-05-25
Realbuzz,3362,technology,1388326.4,261896.47,1650222.8699999999,152498.93,397835.17,666770.22,1217104.3199999998,2014-10-07
Skidoo,3364,technology,2445678.86,926440.6,3372119.46,255626.13,313366.59,-174428.45,394564.26999999996,2012-11-22
Zoonoodle,3380,technology,2430573.54,961607.94,3392181.48,220649.43,330421.14,732863.77,1283934.34,2013-08-04
Devify,3383,technology,674150.19,450919.83,1125070.02,208150.31,431393.86,474968.04,1114512.21,2013-10-28
Skiba,3384,technology,1662983.94,1197665.3,2860649.24,737454.42,245951.2,134960.14,1118365.7600000002,2014-08-31
Leenti,3390,technology,607513.29,2558392.87,3165906.16,742324.48,901709.42,580327.79,2224361.69,2013-02-06
Vitz,3394,technology,1200638.07,151849.71,1352487.78,223078.1,168663.38,250214.05,641955.53,2014-12-30
Ailane,3406,technology,621075.86,1529564.27,2150640.13,677275.24,327298.03,530557.21,1535130.48,2012-11-06
Photofeed,3408,technology,841532.19,1681002.5,2522534.69,423335.23,1001463.73,912707.31,2337506.27,2014-10-04
Zoonder,3416,technology,-34633.27,2374067.52,2339434.25,10025.27,153605.81,-303704.25,-140073.17,2012-07-06
Eabox,3419,technology,1497913.65,1602662.09,3100575.74,-93300.31,461601.52,768444.83,1136746.04,2013-01-01
LiveZ,3429,technology,130142.89,949860.91,1080003.8,1249309.18,217077.9,531853.93,1998241.0099999998,2013-11-25
Avamba,3440,technology,1746758.58,-351405.4,1395353.1800000002,-114812.14,661009.3,238041.52,784238.68,2012-04-04
Kwinu,3444,technology,2073430.89,-4284.39,2069146.5,745641.78,487200.52,246106.9,1478949.2,2012-05-29
Tavu,3454,technology,542132.76,1833464.66,2375597.42,235545,529508.08,886188.46,1651241.54,2012-08-28
Trudoo,3455,technology,904129.51,1145446.21,2049575.72,758610.25,933361.2,1134863.24,2826834.69,2012-04-08
Rhynyx,3462,technology,1623613.29,916193.72,2539807.01,464088.29,-26277.21,751320.53,1189131.6099999999,2012-04-26
Einti,3467,technology,794159.91,1333418.17,2127578.08,-389231.26,463162.74,915436.24,989367.72,2014-04-29
Zava,3468,technology,698973.79,760968.22,1459942.01,644929.96,765099.6,478099.21,1888128.77,2014-06-07
Eire,3484,technology,264178.17,-75343.35,188834.81999999998,908927.24,518716.39,-478734.38,948909.2499999999,2012-06-28
Twitterbeat,3488,technology,1713556.19,1800608.66,3514164.8499999996,459426.46,-45973.03,882460.35,1295913.78,2012-08-08
Avaveo,3491,technology,-946334.52,496821.18,-449513.34,269360.53,584469.3,425077.27,1278907.1,2014-03-29
Avaveo,3496,technology,569509.96,1945140.43,2514650.3899999997,951461.54,226223.51,907710.08,2085395.13,2014-03-25
Kwilith,3499,technology,1276146.1,1328946.34,2605092.4400000004,298167.46,77359.45,437262.32,812789.23,2012-06-13
Realcube,3525,technology,1780888.36,1403665.06,3184553.42,259562.94,633213.68,66956.64,959733.2600000001,2014-10-05
Jaxspan,3527,technology,995546.19,1384708.61,2380254.8,867187.63,384955.96,197220.54,1449364.1300000001,2013-03-15
Twitterworks,3530,technology,-435618.32,1764866.96,1329248.64,860129.63,705746.51,198465.12,1764341.2600000002,2012-12-02
Meezzy,3543,technology,85091.56,288514.59,373606.15,269396.36,283943.03,-617702.94,-64363.54999999993,2013-01-06
Avamba,3549,technology,717482.89,1977134.72,2694617.61,-177954.4,974744.13,28858.09,825647.82,2014-04-29
Eabox,3574,technology,636232.83,-57317.31,578915.52,-78188.02,708409.81,556423.88,1186645.67,2013-05-15
Ainyx,3575,technology,1862495.61,1222085.24,3084580.85,395803.27,-192658.3,486857.02,690001.99,2013-05-20
Fanoodle,3584,technology,471947.39,1357525.13,1829472.52,964306.44,677971.28,903995.54,2546273.26,2013-06-05
Skipfire,3586,technology,612397.44,1169884.94,1782282.38,192092.24,270346.93,629044.75,1091483.92,2014-10-14
Topiclounge,3587,technology,652391.18,1272972.05,1925363.23,965442.52,2665.18,572817.64,1540925.34,2013-03-31
Trupe,3590,technology,1149744.73,1636738.71,2786483.44,664527.65,144781.93,771380.36,1580689.94,2014-12-14
Skimia,3600,technology,2730523.94,392076.34,3122600.28,-311987.76,353845.66,783720.01,825577.9099999999,2014-09-18
Oodoo,3634,technology,239743.54,1022561.41,1262304.95,290864.9,-122088.57,491157.58,659933.91,2014-05-31
Thoughtsphere,3641,technology,-41199.29,96965.22,55765.93,-528423.2,390460.63,927010.81,789048.2400000001,2012-08-13
Oozz,3644,technology,2942484.71,1630305.54,4572790.25,818776.71,522807.71,679176.33,2020760.75,2014-02-27
Realcube,3648,technology,574419.78,683302.41,1257722.19,960023.14,53284.61,937.03,1014244.78,2014-02-03
Yodel,3649,technology,1345092.52,476977.43,1822069.95,522897.64,279690.58,335156.81,1137745.03,2014-09-19
Livefish,3651,technology,1466263.31,2182653.37,3648916.68,577190.41,440654.97,268636.77,1286482.15,2014-10-21
Devify,3660,technology,941576.75,1808989.17,2750565.92,441684.13,895633.64,824146.67,2161464.44,2014-09-28
Skivee,3663,technology,2045318.32,1132727.39,3178045.71,787093.51,409716.92,70520.38,1267330.81,2014-07-11
Skidoo,3671,technology,740953.88,705870.51,1446824.3900000001,-216451.73,-124857.31,474872.86,133563.81999999995,2014-12-28
Npath,3678,technology,1428619.17,1598701.46,3027320.63,267820.87,850151.91,60447.42,1178420.2,2014-02-22
Twitterlist,3687,technology,152888.2,718582.4,871470.6000000001,727265.07,859164.79,-185300.78,1401129.0799999998,2014-06-04
Livetube,3708,technology,579612.6,-1445779.34,-866166.7400000001,981651.87,195280.97,421078.46,1598011.3,2013-12-06
Thoughtbridge,3749,technology,32760.6,1615375.15,1648135.75,-162045.91,1117583.85,1266550.21,2222088.15,2014-06-08
Dynava,3771,technology,889716.87,734168.32,1623885.19,787646.74,793728.35,295417.8,1876792.89,2014-12-15
Fivechat,3795,technology,1639171.21,860638.23,2499809.44,779682.17,262322.81,1433996.44,2476001.42,2014-10-26
Voonte,3805,technology,1845220.84,1363995.22,3209216.06,210693.32,1204782.36,-311109.4,1104366.2800000003,2013-11-21
Riffpedia,3817,technology,2028888.7,1372200.4,3401089.0999999996,383677.93,471103.4,437209.05,1291990.3800000001,2014-12-06
Oyope,3833,technology,111800.1,159691.13,271491.23,378287.69,386749.67,110699.41,875736.77,2013-05-07
Zoovu,3842,technology,406653.29,1258534.92,1665188.21,837687.47,1097756.94,584728.2,2520172.61,2012-09-22
Dablist,3851,technology,668665.98,1316558.76,1985224.74,832722.67,576330.34,1477785.81,2886838.8200000003,2013-10-31
Meejo,3865,technology,1588185.97,1255415.16,2843601.13,688904.3,-429774.63,64531.85,323661.52,2014-09-16
Zoombox,3871,technology,375729.78,956520.6,1332250.38,471473.41,453608.55,47073.61,972155.57,2013-09-21
Ozu,3904,technology,277759.99,913477.17,1191237.1600000001,360067.67,593732.16,68795.93,1022595.76,2012-10-25
Eadel,3908,technology,1136695.41,2089497.88,3226193.29,717080.53,1062511.9,329732.88,2109325.31,2013-03-13
Photobean,3920,technology,1108838.22,1894125.65,3002963.87,459759.88,-190306.78,-2875.31,266577.79,2014-12-05
Kayveo,3940,technology,617893.9,128341.12,746235.02,424720.77,69447.19,1138440.44,1632608.4,2014-10-03
Quimm,3948,technology,-519035.23,1781651.34,1262616.11,715586.42,786629.89,959769.3,2461985.6100000003,2014-12-18
Fadeo,3954,technology,1830896.69,-131882.11,1699014.58,1201064.89,955126.97,1018875.99,3175067.8499999996,2014-10-07
Gabcube,3962,technology,308466.37,162762.2,471228.57,992790.68,1103748.02,582383.62,2678922.3200000003,2012-07-15
Kwilith,3968,technology,311712.61,25865.97,337578.57999999996,625022.37,350489.36,507092.23,1482603.96,2013-09-10
Linktype,3986,technology,849476.06,1136148.15,1985624.21,982666.8,304013.92,478931.73,1765612.45,2013-04-24
Devshare,3992,technology,1664642.35,1034231,2698873.35,669286.59,861016.47,915189.03,2445492.09,2013-05-05
Fivechat,4003,technology,1745427.81,-297867.6,1447560.21,359704.39,444706.3,1245262.71,2049673.4,2012-10-10
Voomm,4010,technology,2188066.55,3166.85,2191233.4,-641716.34,379155.76,179002.03,-83558.54999999996,2013-10-05
Tambee,4019,technology,2071673.34,783594.95,2855268.29,1042650.2,7755.72,246649.36,1297055.2799999998,2012-11-13
Twitternation,4023,technology,1307464.91,3696723.03,5004187.9399999995,291067.1,154454.59,1048842.37,1494364.06,2013-08-23
Wordpedia,4038,technology,1088583.17,873029.81,1961612.98,902068.12,617461.98,409738.64,1929268.7400000002,2014-02-18
Tagcat,4059,technology,2582234.83,230231.54,2812466.37,639333.67,1202037.05,442239.04,2283609.7600000002,2014-12-17
Tagcat,4064,technology,1419171.06,1452490.8,2871661.8600000003,1199094.9,505055.38,86928.1,1791078.38,2014-11-04
Zoonder,4075,technology,409199.1,384978.92,794178.02,216675.93,610399.26,603487.23,1430562.42,2013-05-18
Topicware,4077,technology,1461422.75,1058059.6,2519482.35,-94418.22,155130.14,504256.33,564968.25,2013-03-03
Meembee,4082,technology,1748238.4,-198391.25,1549847.15,334702.24,933022.1,-209937.66,1057786.68,2014-09-12
Mudo,4099,technology,619423.23,1901613.52,2521036.75,300205.28,221659.18,1086292.4,1608156.8599999999,2012-07-17
Viva,4140,technology,972116.34,401941.3,1374057.64,757423.65,830485.04,1142528.23,2730436.92,2014-06-04
Dabvine,4157,technology,461445.23,33898.57,495343.8,170666.63,423187.87,-343553.21,250301.28999999998,2014-02-21
Oyondu,4192,technology,-355824.36,1847021.35,1491196.9900000002,1868248.8,-201791.85,611883.86,2278340.81,2013-02-15
Topicshots,4225,technology,849134.75,146344.43,995479.1799999999,703444.22,-123587.12,961677.6,1541534.7,2014-09-21
Browsedrive,4233,technology,3255637.12,1046524.21,4302161.33,1084998.34,1383704.88,248382.01,2717085.2299999995,2012-08-22
Skimia,4234,technology,1401569.35,288319.28,1689888.6300000001,308045.67,-213623.73,487403.04,581824.98,2012-05-04
Brightdog,4236,technology,1880363.35,77602.17,1957965.52,1164299.75,1568245.82,821588.17,3554133.74,2014-02-24
Zooxo,4244,technology,1374958.37,1499333.05,2874291.42,641398.55,94234.75,245890.49,981523.79,2014-03-22
Blogtag,4252,technology,160681.63,1705489.22,1866170.85,674671.77,-342228.71,-75684.81,256758.25,2014-11-21
Edgetag,4255,technology,1545901.56,499281.49,2045183.05,233746.14,798549.88,79286.58,1111582.6,2014-05-22
Youspan,4264,technology,261996.85,1500281.72,1762278.57,456928.77,-130063.84,608789.69,935654.62,2014-05-12
Eire,4265,technology,1624860.71,45381.7,1670242.41,1015342.32,473106.07,306820.6,1795268.9899999998,2012-08-10
Zoovu,4271,technology,41174.57,1896686.86,1937861.4300000002,678796.61,675206.91,373606.09,1727609.61,2014-08-10
Photospace,4275,technology,1186439.15,1904728.97,3091168.12,1613522.54,234917.95,791394.34,2639834.83,2013-05-22
Zoomcast,4287,technology,320004.45,524077.33,844081.78,787352.8,875775.38,183115.44,1846243.62,2012-11-02
Tagchat,4289,technology,-474847.78,-483787.68,-958635.46,972630.75,365555.32,-232716.04,1105470.03,2012-12-08
Tazz,4294,technology,2369593.85,2086443.84,4456037.69,1318810.31,535490.87,366508.38,2220809.56,2013-01-27
Pixope,4295,technology,1256966.73,1226557.76,2483524.49,921116.46,784075.03,182253.6,1887445.09,2013-03-30
Zazio,4314,technology,875243.5,-1634289.02,-759045.52,7520.92,64286.09,560880.62,632687.63,2013-02-22
Kamba,4321,technology,468232.7,1605661.59,2073894.29,609614.03,762834.74,554378.88,1926827.65,2013-07-28
Dynabox,4332,technology,1367335.77,156998.49,1524334.26,1723078.23,644298,214302.62,2581678.85,2014-09-24
Thoughtworks,4343,technology,662059.69,744722.8,1406782.49,637258.61,517145.8,538346.01,1692750.42,2013-10-01
Oyondu,4363,technology,1191183.28,958440.37,2149623.65,141134.3,1677.14,730673.49,873484.9299999999,2012-10-15
Yakidoo,4365,technology,1564519.91,535495.04,2100014.95,216828.17,924974.18,511826.66,1653629.01,2012-09-18
Realpoint,4378,technology,2209950.09,356826.3,2566776.3899999997,251432.55,1400120.95,1065272.4,2716825.9,2012-09-14
Aimbo,4387,technology,667529.9,2221946.67,2889476.57,746658.2,910742.73,1411067.58,3068468.51,2013-03-26
Agimba,4397,technology,690964.84,2351651.79,3042616.63,758618.17,727972.79,157202.98,1643793.94,2013-06-10
Mydeo,4402,technology,1824450.87,1191360.49,3015811.3600000003,828419.06,-56397.42,981398.39,1753420.03,2012-06-25
Thoughtstorm,4404,technology,1984230.43,1397941.25,3382171.6799999997,215901.24,799563.51,353996.48,1369461.23,2013-07-03
Thoughtsphere,4406,technology,2935387.05,1699529.36,4634916.41,1143693.25,589419.38,698410.16,2431522.79,2014-10-27
Yotz,4422,technology,1566952.35,936047.02,2502999.37,354327.68,484456.26,1006081.7,1844865.64,2014-09-14
Livefish,4425,technology,1574751.75,817257.49,2392009.24,274595.76,1030180.61,504625.32,1809401.6900000002,2014-01-27
Zooxo,4434,technology,406471.93,285054.89,691526.8200000001,-94760.4,440894.19,37119.47,383253.26,2014-07-17
Wikivu,4450,technology,515255.24,2460141.19,2975396.4299999997,535152.92,353881.49,560275.05,1449309.46,2014-11-17
Layo,4456,technology,659744.92,823995.09,1483740.01,591647.77,122214.63,115494.64,829357.04,2014-01-16
Twinte,4467,technology,85271.58,923434.86,1008706.44,304223.58,183839.63,679852.19,1167915.4,2014-09-28
Photospace,4468,technology,1721510.28,2214241.26,3935751.54,358867.02,276377.61,606807.25,1242051.88,2014-07-30
Kanoodle,4474,technology,644340.74,1552774.5,2197115.24,151770.72,171953.82,96889.39,420613.93000000005,2012-09-02
Ntag,4480,technology,-30401.28,-462406.84,-492808.12,343882.35,673548.53,-67028.25,950402.63,2013-11-22
Jamia,4484,technology,2021081.21,854157.47,2875238.6799999997,902149.52,879264.68,-104515.11,1676899.09,2013-05-10
Buzzshare,4491,technology,1061339.67,1636645.67,2697985.34,728452.34,1035742.63,364901.21,2129096.18,2012-05-25
Yata,4492,technology,427320.59,-630225.73,-202905.13999999996,601561.56,1151631.39,1333484.13,3086677.08,2013-05-22
Zooveo,4500,technology,2208744.91,196880.49,2405625.4000000004,331711.23,812053.73,-37451.23,1106313.73,2013-07-07
Roodel,4504,technology,2146511.86,154931.25,2301443.11,929763.38,263175.3,940587.81,2133526.49,2012-04-06
JumpXS,4512,technology,1171168.5,1650442.29,2821610.79,217975.83,214810.05,1337814.69,1770600.5699999998,2013-11-28
Fliptune,4520,technology,262954.51,1676531.1,1939485.61,190344.98,430057.87,-50221.27,570181.58,2012-05-07
Devpulse,4521,technology,1873517.68,834131.83,2707649.51,332531.34,563585.42,840116.39,1736233.15,2012-10-21
Wikizz,4530,technology,1000382.33,2085038.01,3085420.34,180883.71,492890.83,421951.69,1095726.23,2012-12-07
Feedspan,4535,technology,42633.41,223207.51,265840.92000000004,327858.01,533109.02,874839.15,1735806.1800000002,2012-10-17
Kimia,4546,technology,765529.57,319131.27,1084660.8399999999,704529.36,782836.56,581512.84,2068878.7599999998,2014-08-20
Thoughtmix,4548,technology,-31649.74,810476.63,778826.89,241905.44,257162.25,47589.66,546657.35,2014-09-23
Eire,4558,technology,1989325.38,702520.32,2691845.6999999997,547142.09,354070.66,-62874.04,838338.71,2013-03-12
Zoonder,4561,technology,793369.09,1799907.8,2593276.89,551279.5,739634.94,530478.61,1821393.0499999998,2014-10-11
Photobug,4578,technology,1121010.36,882719.38,2003729.7400000002,-364494.12,201797.44,817037.46,654340.78,2013-10-24
Browsebug,4581,technology,1939815.96,1069466.44,3009282.4,-242398.47,176583.16,-10508.05,-76323.36,2013-10-23
Realfire,4583,technology,1807223.22,1892433.92,3699657.1399999997,369157.87,293032.51,304880.39,967070.77,2013-12-09
Topiczoom,4597,technology,1380418.55,-267376.74,1113041.81,1312597.33,1009168.6,290681.71,2612447.64,2014-08-13
Chatterpoint,4641,technology,1495963.53,-305553.22,1190410.31,1030834.77,346203.92,381089.01,1758127.7,2014-01-10
Skimia,4662,technology,1464294.75,-114509.96,1349784.79,458276.62,983610.33,-315428.71,1126458.24,2014-09-04
Avaveo,4664,technology,674029.29,203639.33,877668.62,712056.21,1132150.32,890939,2735145.5300000003,2014-04-10
Voomm,4672,technology,1501976.14,1836209.81,3338185.95,-435786.39,814636.2,415515.2,794365.01,2014-12-16
Gigabox,4675,technology,271307.68,1229426.35,1500734.03,708597.86,-157452.71,496188.15,1047333.3,2014-04-22
Chatterbridge,4696,technology,1263621.64,2779414.4,4043036.04,322522.58,402268.3,450269.02,1175059.9,2013-12-27
Browsecat,4704,technology,1296342.66,11227.06,1307569.72,483472.11,372231.67,1272673.84,2128377.62,2014-06-17
Wikivu,4711,technology,-1256693.36,26406.7,-1230286.6600000001,1102278.78,452667.42,561021.95,2115968.15,2013-07-20
Plambee,4731,technology,1273162.14,846768.07,2119930.21,629262.05,903343.92,153520.48,1686126.4500000002,2014-08-02
Tagfeed,4732,technology,2005842.94,1990147.7,3995990.6399999997,441955.34,394275.72,256739.86,1092970.92,2014-05-31
Thoughtstorm,4733,technology,2073919.02,-35865.33,2038053.69,313567.83,906023.13,49017.03,1268607.99,2014-01-30
Bluezoom,4741,technology,971042.79,1222442.44,2193485.23,-464975.76,533801.55,624549.79,693375.5800000001,2014-09-05
Tekfly,4746,technology,1255145.99,2223404.68,3478550.67,153686.19,8348.06,228202.66,390236.91000000003,2014-01-30
Blogtag,4757,technology,148920.53,1340801.8,1489722.33,-151636.56,30044.6,702288.57,580696.61,2014-03-23
Janyx,4759,technology,1641136.25,442506.33,2083642.58,296593.01,635728.11,528973.82,1461294.94,2013-11-24
Cogibox,4779,technology,433362.49,2005104.35,2438466.84,354670.91,317716.99,214828.35,887216.2499999999,2013-04-08
Snaptags,4788,technology,1073483.98,1207639.3,2281123.2800000003,467878.09,1084361.1,96357.88,1648597.0700000003,2013-02-13
Thoughtstorm,4795,technology,1272244.01,1139459.1,2411703.1100000003,79956.13,388021.8,150239.56,618217.49,2012-10-14
Edgepulse,4801,technology,414355.67,733091.37,1147447.04,520408.04,127644.14,1075119.91,1723172.0899999999,2012-06-03
Babbleset,4808,technology,573483.47,-333563.27,239920.19999999995,412134.48,286315.85,-437853.48,260596.84999999998,2012-07-20
Photobug,4831,technology,-422611.63,10389.39,-412222.24,444332.33,774151.08,481910.02,1700393.43,2012-06-19
Skyba,4851,technology,1529969.55,1348427.74,2878397.29,726810.54,-127433.84,835248.76,1434625.46,2014-09-03
Thoughtbridge,4854,technology,290736.62,1430311.17,1721047.79,-36254.13,910199.22,833785.03,1707730.12,2014-03-18
Blogpad,4858,technology,1972978.69,-67354.03,1905624.66,925296.65,757550.87,23738.61,1706586.1300000001,2012-06-15
Zava,4868,technology,1380860.05,386690.87,1767550.92,5954.91,454525.3,1104337.18,1564817.39,2013-03-14
Topiclounge,4871,technology,590352.99,1682673.82,2273026.81,33415.82,-801217.44,110606.99,-657194.63,2012-08-11
Vipe,4872,technology,1235254.12,-22545.23,1212708.8900000001,234860.45,-75158.11,1185001.44,1344703.78,2014-06-24
Yadel,4873,technology,1970711.51,1789287.61,3759999.12,406894.01,288035.54,973682.39,1668611.94,2012-10-18
Aimbu,4874,technology,824945.63,847833.55,1672779.1800000002,378320.6,518525.19,192465.93,1089311.72,2012-06-13
Livetube,4875,technology,2200538.7,290759.2,2491297.9000000004,261196.87,903783.24,586772.25,1751752.3599999999,2012-06-14
Yotz,4885,technology,1273724.08,2349607.58,3623331.66,482946.03,199654.11,50762.52,733362.66,2013-05-07
Twiyo,4902,technology,967439.84,2493724.69,3461164.53,433729.24,1151272.99,546069.86,2131072.09,2012-05-06
Kazu,4904,technology,1590599.77,544660.09,2135259.86,1072350.5,1611992.75,132782.79,2817126.04,2014-10-25
Twinder,4906,technology,958497.47,424156.47,1382653.94,30202.82,803264.87,372356.84,1205824.53,2014-04-04
Agimba,4909,technology,219870.46,-688824.28,-468953.82000000007,1296767.15,975144.83,-58453.67,2213458.31,2014-06-08
Browsedrive,4912,technology,399582.87,1596036.09,1995618.96,368916.59,383001.55,766354.91,1518273.05,2012-07-10
Topiclounge,4914,technology,2211263.67,791613.87,3002877.54,991902.98,280383.74,128805.06,1401091.78,2014-01-28
Rhycero,4915,technology,219616,1215767.09,1435383.09,329538.56,1047988.04,530140.7,1907667.3,2014-05-17
Blogtag,4931,technology,-123933.17,81018.51,-42914.66,474005.02,1013187.5,853801.13,2340993.65,2014-11-14
Fivespan,4942,technology,664507.65,565010.09,1229517.74,897686.59,735339.71,776502.61,2409528.9099999997,2014-05-06
Babbleset,4944,technology,1116497.8,765741.82,1882239.62,829868.9,370222.97,14572.56,1214664.4300000002,2013-11-30
Myworks,4952,technology,100314.29,562815.64,663129.93,326311.93,408139.54,830442.44,1564893.91,2013-07-18
Eimbee,4957,technology,2393622.93,653560.02,3047182.95,982635.84,716500.51,804962.94,2504099.29,2013-05-04
Quatz,4963,technology,129584.84,-567446.76,-437861.92000000004,347117.91,426328.43,577221.69,1350668.0299999998,2014-11-03
Edgeblab,4971,technology,194263.98,-50217.92,144046.06,80653.28,505139.28,339479.37,925271.93,2012-05-08
Yamia,4978,technology,2279546.35,264485.54,2544031.89,388131.54,592937.22,440234.31,1421303.07,2013-04-12
Shufflebeat,4981,technology,1263678.24,1138875.69,2402553.9299999997,779800.22,359028.42,1060338.34,2199166.98,2013-11-15
Aimbo,4991,technology,1319670.58,1928263.12,3247933.7,894195.37,662590.03,816084.08,2372869.48,2014-03-03
Trilia,4994,technology,1265774.97,2380359.98,3646134.95,827411.55,188206.08,401160.63,1416778.26,2013-08-06
